id,E,A,nBorF,Z,aBorF,E1,A1,nBorF1,Z1,aBorF1,E2,A2,nBorF2,Z2,aBorF2,MeV
1,Sr,84,b,38,b,Si,30,b,14,b,Cr,54,b,24,b,0.6856
2,Sr,84,b,38,b,S,34,b,16,b,Ti,50,b,22,b,0.6716
3,Zr,94,b,40,b,Ca,46,b,20,b,Ca,48,b,20,b,0.0820
4,Zr,96,b,40,b,Ca,48,b,20,b,Ca,48,b,20,b,3.2360
5,Mo,92,b,42,b,Si,30,b,14,b,Ni,62,b,28,b,3.8974
6,Mo,92,b,42,b,Si,28,b,14,b,Ni,64,b,28,b,1.3078
7,Mo,94,b,42,b,Si,30,b,14,b,Ni,64,b,28,b,2.8131
8,Mo,92,b,42,b,S,34,b,16,b,Fe,58,b,26,b,4.8000
9,Mo,92,b,42,b,Cl,37,f,17,b,Mn,55,f,25,b,2.1797
10,Mo,92,b,42,b,Ar,40,b,18,b,Cr,52,b,24,b,3.1596
11,Mo,92,b,42,b,Ar,38,b,18,b,Cr,54,b,24,b,4.3650
12,Mo,94,b,42,b,Ar,40,b,18,b,Cr,54,b,24,b,3.2388
13,Mo,92,b,42,b,K,41,f,19,b,V,51,f,23,b,0.4443
14,Mo,92,b,42,b,Ca,44,b,20,b,Ti,48,b,22,b,2.6566
15,Mo,94,b,42,b,Ca,46,b,20,b,Ti,48,b,22,b,2.8904
16,Mo,96,b,42,b,Ca,48,b,20,b,Ti,48,b,22,b,3.9486
17,Mo,95,f,42,f,Ca,46,b,20,b,Ti,49,f,22,f,3.8787
18,Mo,97,f,42,f,Ca,48,b,20,b,Ti,49,f,22,f,5.1418
19,Mo,92,b,42,b,Ca,42,b,20,b,Ti,50,b,22,b,2.6753
20,Mo,94,b,42,b,Ca,44,b,20,b,Ti,50,b,22,b,4.1545
21,Mo,96,b,42,b,Ca,46,b,20,b,Ti,50,b,22,b,5.6551
22,Mo,98,b,42,b,Ca,48,b,20,b,Ti,50,b,22,b,7.7845
23,Mo,95,f,42,f,Ti,47,f,22,f,Ca,48,b,20,b,1.4895
24,Ru,96,b,44,b,Mg,26,b,12,b,Ge,70,b,32,b,0.5887
25,Ru,96,b,44,b,Mg,24,b,12,b,Ge,72,b,32,b,0.4406
26,Ru,98,b,44,b,Mg,26,b,12,b,Ge,72,b,32,b,0.7703
27,Ru,99,f,44,f,Mg,26,b,12,b,Ge,73,f,32,f,0.1202
28,Ru,96,b,44,b,Al,27,f,13,b,Ga,69,f,31,b,0.3568
29,Ru,96,b,44,b,Si,30,b,14,b,Zn,66,b,30,b,7.2573
30,Ru,96,b,44,b,Si,29,f,14,f,Zn,67,f,30,f,3.6887
31,Ru,96,b,44,b,Si,28,b,14,b,Zn,68,b,30,b,5.4101
32,Ru,98,b,44,b,Si,30,b,14,b,Zn,68,b,30,b,6.4031
33,Ru,98,b,44,b,Si,28,b,14,b,Zn,70,b,30,b,3.0041
34,Ru,99,f,44,f,Si,29,f,14,f,Zn,70,b,30,b,3.9505
35,Ru,100,b,44,b,Si,30,b,14,b,Zn,70,b,30,b,3.6431
36,Ru,96,b,44,b,P,31,f,15,b,Cu,65,f,29,b,5.6365
37,Ru,96,b,44,b,S,34,b,16,b,Ni,62,b,28,b,10.6097
38,Ru,96,b,44,b,S,32,b,16,b,Ni,64,b,28,b,7.0486
39,Ru,98,b,44,b,S,34,b,16,b,Ni,64,b,28,b,9.0131
40,Ru,96,b,44,b,Cl,37,f,17,b,Co,59,f,27,b,7.9307
41,Ru,96,b,44,b,Ar,40,b,18,b,Fe,56,b,26,b,9.5795
42,Ru,96,b,44,b,Ar,38,b,18,b,Fe,58,b,26,b,10.8081
43,Ru,98,b,44,b,Ar,40,b,18,b,Fe,58,b,26,b,9.1696
44,Ru,96,b,44,b,K,41,f,19,b,Mn,55,f,25,b,7.1828
45,Ru,96,b,44,b,Ca,46,b,20,b,Cr,50,b,24,b,7.3215
46,Ru,98,b,44,b,Ca,48,b,20,b,Cr,50,b,24,b,6.6006
47,Ru,96,b,44,b,Ca,44,b,20,b,Cr,52,b,24,b,10.8016
48,Ru,98,b,44,b,Ca,46,b,20,b,Cr,52,b,24,b,10.5231
49,Ru,100,b,44,b,Ca,48,b,20,b,Cr,52,b,24,b,9.4481
50,Ru,96,b,44,b,Ca,43,f,20,f,Cr,53,f,24,f,7.6094
51,Ru,99,f,44,f,Ca,46,b,20,b,Cr,53,f,24,f,10.9357
52,Ru,101,f,44,f,Ca,48,b,20,b,Cr,53,f,24,f,10.3452
53,Ru,96,b,44,b,Ca,42,b,20,b,Cr,54,b,24,b,9.4016
54,Ru,98,b,44,b,Ca,44,b,20,b,Cr,54,b,24,b,10.3685
55,Ru,100,b,44,b,Ca,46,b,20,b,Cr,54,b,24,b,9.7360
56,Ru,102,b,44,b,Ca,48,b,20,b,Cr,54,b,24,b,11.6232
57,Ru,96,b,44,b,Sc,45,f,21,b,V,51,f,23,b,7.1753
58,Ru,96,b,44,b,Ti,48,b,22,b,Ti,48,b,22,b,10.9022
59,Ru,96,b,44,b,Ti,47,f,22,f,Ti,49,f,22,f,7.4287
60,Ru,98,b,44,b,Ti,49,f,22,f,Ti,49,f,22,f,9.0970
61,Ru,96,b,44,b,Ti,46,b,22,b,Ti,50,b,22,b,9.4798
62,Ru,98,b,44,b,Ti,48,b,22,b,Ti,50,b,22,b,11.8877
63,Ru,99,f,44,f,Ti,49,f,22,f,Ti,50,b,22,b,12.5034
64,Ru,100,b,44,b,Ti,50,b,22,b,Ti,50,b,22,b,12.5193
65,Rh,103,f,45,b,O,16,b,8,b,Rb,87,f,37,b,0.6567
66,Rh,103,f,45,b,Al,27,f,13,b,Ge,76,b,32,b,1.7745
67,Rh,103,f,45,b,Ca,48,b,20,b,Mn,55,f,25,b,13.3977
68,Pd,102,b,46,b,C,12,b,6,b,Zr,90,b,40,b,0.5775
69,Pd,102,b,46,b,O,16,b,8,b,Sr,86,b,38,b,0.7126
70,Pd,104,b,46,b,O,16,b,8,b,Sr,88,b,38,b,2.8271
71,Pd,106,b,46,b,O,16,b,8,b,Sr,90,b,38,b,0.8896
72,Pd,106,b,46,b,Ne,22,b,10,b,Kr,84,b,36,b,0.2897
73,Pd,106,b,46,b,Ne,20,b,10,b,Kr,86,b,36,b,0.1313
74,Pd,108,b,46,b,Ne,22,b,10,b,Kr,86,b,36,b,1.7866
75,Pd,102,b,46,b,Mg,26,b,12,b,Se,76,b,34,b,2.9063
76,Pd,102,b,46,b,Mg,24,b,12,b,Se,78,b,34,b,2.3725
77,Pd,104,b,46,b,Mg,26,b,12,b,Se,78,b,34,b,3.3729
78,Pd,104,b,46,b,Mg,24,b,12,b,Se,80,b,34,b,1.8658
79,Pd,105,f,46,f,Mg,25,f,12,f,Se,80,b,34,b,2.1313
80,Pd,106,b,46,b,Mg,26,b,12,b,Se,80,b,34,b,3.8163
81,Pd,102,b,46,b,Al,27,f,13,b,As,75,f,33,b,1.7000
82,Pd,102,b,46,b,Si,30,b,14,b,Ge,72,b,32,b,8.4738
83,Pd,102,b,46,b,Si,29,f,14,f,Ge,73,f,32,f,4.7404
84,Pd,102,b,46,b,Si,28,b,14,b,Ge,74,b,32,b,6.3928
85,Pd,104,b,46,b,Si,30,b,14,b,Ge,74,b,32,b,8.0565
86,Pd,104,b,46,b,Si,28,b,14,b,Ge,76,b,32,b,4.9118
87,Pd,105,f,46,f,Si,29,f,14,f,Ge,76,b,32,b,6.3239
88,Pd,106,b,46,b,Si,30,b,14,b,Ge,76,b,32,b,7.5255
89,Pd,102,b,46,b,P,31,f,15,b,Ga,71,f,31,b,5.9029
90,Pd,102,b,46,b,S,34,b,16,b,Zn,68,b,30,b,11.3735
91,Pd,102,b,46,b,S,32,b,16,b,Zn,70,b,30,b,7.0030
92,Pd,104,b,46,b,S,34,b,16,b,Zn,70,b,30,b,9.6382
93,Pd,102,b,46,b,Cl,37,f,17,b,Cu,65,f,29,b,10.4868
94,Pd,102,b,46,b,Ar,40,b,18,b,Ni,62,b,28,b,13.2375
95,Pd,102,b,46,b,Ar,38,b,18,b,Ni,64,b,28,b,13.2794
96,Pd,104,b,46,b,Ar,40,b,18,b,Ni,64,b,28,b,12.3116
97,Pd,102,b,46,b,Ca,48,b,20,b,Fe,54,b,26,b,12.0684
98,Pd,102,b,46,b,Ca,46,b,20,b,Fe,56,b,26,b,15.2011
99,Pd,104,b,46,b,Ca,48,b,20,b,Fe,56,b,26,b,15.1508
100,Pd,105,f,46,f,Ca,48,b,20,b,Fe,57,f,26,f,15.7264
101,Pd,102,b,46,b,Ca,44,b,20,b,Fe,58,b,26,b,15.0697
102,Pd,104,b,46,b,Ca,46,b,20,b,Fe,58,b,26,b,15.4619
103,Pd,106,b,46,b,Ca,48,b,20,b,Fe,58,b,26,b,16.3617
104,Pd,102,b,46,b,Ti,50,b,22,b,Cr,52,b,24,b,18.2908
105,Pd,102,b,46,b,Ti,49,f,22,f,Cr,53,f,24,f,15.2970
106,Pd,102,b,46,b,Ti,48,b,22,b,Cr,54,b,24,b,16.8722
107,Pd,104,b,46,b,Ti,50,b,22,b,Cr,54,b,24,b,18.5283
108,Pd,102,b,46,b,V,51,f,23,b,V,51,f,23,b,15.8205
109,Ag,107,f,47,b,N,15,f,7,b,Zr,92,b,40,b,0.2534
110,Ag,107,f,47,b,O,18,b,8,b,Y,89,f,39,b,0.3540
111,Ag,107,f,47,b,F,19,f,9,b,Sr,88,b,38,b,0.8896
112,Ag,107,f,47,b,Ne,22,b,10,b,Rb,85,f,37,b,1.7466
113,Ag,107,f,47,b,Ne,20,b,10,b,Rb,87,f,37,b,3.1186
114,Ag,109,f,47,b,Ne,22,b,10,b,Rb,87,f,37,b,3.8517
115,Ag,107,f,47,b,Na,23,f,11,b,Kr,84,b,36,b,3.4400
116,Ag,109,f,47,b,Na,23,f,11,b,Kr,86,b,36,b,4.0147
117,Ag,107,f,47,b,Mg,26,b,12,b,Br,81,f,35,b,5.6216
118,Ag,107,f,47,b,Al,27,f,13,b,Se,80,b,34,b,6.4487
119,Ag,107,f,47,b,P,31,f,15,b,Ge,76,b,32,b,9.1724
120,Ag,107,f,47,b,Cl,37,f,17,b,Zn,70,b,30,b,12.7857
121,Ag,107,f,47,b,Ca,48,b,20,b,Co,59,f,27,b,18.0868
122,Cd,106,b,48,b,C,12,b,6,b,Mo,94,b,42,b,1.1271
123,Cd,106,b,48,b,O,16,b,8,b,Zr,90,b,40,b,6.2550
124,Cd,108,b,48,b,O,18,b,8,b,Zr,90,b,40,b,0.4844
125,Cd,108,b,48,b,O,16,b,8,b,Zr,92,b,40,b,4.1871
126,Cd,110,b,48,b,O,16,b,8,b,Zr,94,b,40,b,1.7838
127,Cd,108,b,48,b,F,19,f,9,b,Y,89,f,39,b,0.1537
128,Cd,106,b,48,b,Ne,22,b,10,b,Sr,84,b,38,b,1.1075
129,Cd,106,b,48,b,Ne,20,b,10,b,Sr,86,b,38,b,3.9570
130,Cd,108,b,48,b,Ne,22,b,10,b,Sr,86,b,38,b,3.1252
131,Cd,108,b,48,b,Ne,21,f,10,f,Sr,87,f,38,f,1.1746
132,Cd,108,b,48,b,Ne,20,b,10,b,Sr,88,b,38,b,5.5405
133,Cd,110,b,48,b,Ne,22,b,10,b,Sr,88,b,38,b,5.5657
134,Cd,110,b,48,b,Ne,20,b,10,b,Sr,90,b,38,b,2.9789
135,Cd,111,f,48,f,Ne,21,f,10,f,Sr,90,b,38,b,3.1028
136,Cd,112,b,48,b,Ne,22,b,10,b,Sr,90,b,38,b,3.8424
137,Cd,108,b,48,b,Na,23,f,11,b,Rb,85,f,37,b,2.3446
138,Cd,110,b,48,b,Na,23,f,11,b,Rb,87,f,37,b,3.7418
139,Cd,106,b,48,b,Mg,26,b,12,b,Kr,80,b,36,b,6.4981
140,Cd,106,b,48,b,Mg,24,b,12,b,Kr,82,b,36,b,6.9135
141,Cd,108,b,48,b,Mg,26,b,12,b,Kr,82,b,36,b,7.3830
142,Cd,108,b,48,b,Mg,25,f,12,f,Kr,83,f,36,f,3.7530
143,Cd,108,b,48,b,Mg,24,b,12,b,Kr,84,b,36,b,6.9406
144,Cd,110,b,48,b,Mg,26,b,12,b,Kr,84,b,36,b,8.2670
145,Cd,110,b,48,b,Mg,24,b,12,b,Kr,86,b,36,b,6.8074
146,Cd,111,f,48,f,Mg,25,f,12,f,Kr,86,b,36,b,7.5013
147,Cd,112,b,48,b,Mg,26,b,12,b,Kr,86,b,36,b,8.9722
148,Cd,106,b,48,b,Al,27,f,13,b,Br,79,f,35,b,5.6514
149,Cd,108,b,48,b,Al,27,f,13,b,Br,81,f,35,b,5.7017
150,Cd,106,b,48,b,Si,30,b,14,b,Se,76,b,34,b,12.0722
151,Cd,106,b,48,b,Si,29,f,14,f,Se,77,f,34,f,8.8725
152,Cd,106,b,48,b,Si,28,b,14,b,Se,78,b,34,b,10.8752
153,Cd,108,b,48,b,Si,30,b,14,b,Se,78,b,34,b,12.0079
154,Cd,108,b,48,b,Si,28,b,14,b,Se,80,b,34,b,9.8375
155,Cd,110,b,48,b,Si,30,b,14,b,Se,80,b,34,b,11.8272
156,Cd,106,b,48,b,P,31,f,15,b,As,75,f,33,b,9.8804
157,Cd,106,b,48,b,S,34,b,16,b,Ge,72,b,32,b,14.9067
158,Cd,106,b,48,b,S,33,f,16,f,Ge,73,f,32,f,10.3666
159,Cd,106,b,48,b,S,32,b,16,b,Ge,74,b,32,b,11.8542
160,Cd,108,b,48,b,S,34,b,16,b,Ge,74,b,32,b,13.9584
161,Cd,108,b,48,b,S,32,b,16,b,Ge,76,b,32,b,9.8422
162,Cd,110,b,48,b,S,34,b,16,b,Ge,76,b,32,b,12.8034
163,Cd,106,b,48,b,Cl,37,f,17,b,Ga,69,f,31,b,13.3874
164,Cd,106,b,48,b,Cl,35,f,17,b,Ga,71,f,31,b,11.4155
165,Cd,108,b,48,b,Cl,37,f,17,b,Ga,71,f,31,b,12.3553
166,Cd,106,b,48,b,Ar,40,b,18,b,Zn,66,b,30,b,16.3179
167,Cd,106,b,48,b,Ar,38,b,18,b,Zn,68,b,30,b,17.1022
168,Cd,108,b,48,b,Ar,40,b,18,b,Zn,68,b,30,b,15.6035
169,Cd,106,b,48,b,Ar,36,b,18,b,Zn,70,b,30,b,12.1597
170,Cd,108,b,48,b,Ar,38,b,18,b,Zn,70,b,30,b,14.8359
171,Cd,110,b,48,b,Ar,40,b,18,b,Zn,70,b,30,b,14.1941
172,Cd,106,b,48,b,K,41,f,19,b,Cu,65,f,29,b,15.2104
173,Cd,106,b,48,b,Ca,48,b,20,b,Ni,58,b,28,b,16.9951
174,Cd,106,b,48,b,Ca,46,b,20,b,Ni,60,b,28,b,20.0066
175,Cd,108,b,48,b,Ca,48,b,20,b,Ni,60,b,28,b,19.4254
176,Cd,106,b,48,b,Ca,44,b,20,b,Ni,62,b,28,b,20.6000
177,Cd,108,b,48,b,Ca,46,b,20,b,Ni,62,b,28,b,20.4612
178,Cd,110,b,48,b,Ca,48,b,20,b,Ni,62,b,28,b,20.7369
179,Cd,106,b,48,b,Ca,42,b,20,b,Ni,64,b,28,b,18.0365
180,Cd,108,b,48,b,Ca,44,b,20,b,Ni,64,b,28,b,19.1431
181,Cd,110,b,48,b,Ca,46,b,20,b,Ni,64,b,28,b,19.8613
182,Cd,112,b,48,b,Ca,48,b,20,b,Ni,64,b,28,b,20.9754
183,Cd,106,b,48,b,Ti,50,b,22,b,Fe,56,b,26,b,24.4312
184,Cd,106,b,48,b,Ti,49,f,22,f,Fe,57,f,26,f,21.1347
185,Cd,106,b,48,b,Ti,48,b,22,b,Fe,58,b,26,b,23.0358
186,Cd,108,b,48,b,Ti,50,b,22,b,Fe,58,b,26,b,24.1611
187,Cd,106,b,48,b,V,51,f,23,b,Mn,55,f,25,b,22.2795
188,Cd,106,b,48,b,Cr,53,f,24,f,Cr,53,f,24,f,22.9595
189,Cd,106,b,48,b,Cr,52,b,24,b,Cr,54,b,24,b,24.7377
190,Cd,108,b,48,b,Cr,54,b,24,b,Cr,54,b,24,b,24.4443
191,In,113,f,49,b,Na,23,f,11,b,Sr,90,b,38,b,6.6853
192,In,113,f,49,b,Mg,26,b,12,b,Rb,87,f,37,b,11.6521
193,In,113,f,49,b,Al,27,f,13,b,Kr,86,b,36,b,11.2972
194,In,113,f,49,b,Cl,37,f,17,b,Ge,76,b,32,b,15.8578
195,In,113,f,49,b,Ca,48,b,20,b,Cu,65,f,29,b,22.4779
196,Sn,114,b,50,b,He,4,b,2,b,Cd,110,b,48,b,0.3605
197,Sn,112,b,50,b,C,12,b,6,b,Ru,100,b,44,b,1.7885
198,Sn,114,b,50,b,C,12,b,6,b,Ru,102,b,44,b,2.0865
199,Sn,112,b,50,b,O,18,b,8,b,Mo,94,b,42,b,0.9688
200,Sn,112,b,50,b,O,17,f,8,f,Mo,95,f,42,f,0.0801
201,Sn,112,b,50,b,O,16,b,8,b,Mo,96,b,42,b,5.0999
202,Sn,114,b,50,b,O,18,b,8,b,Mo,96,b,42,b,2.0959
203,Sn,114,b,50,b,O,17,f,8,f,Mo,97,f,42,f,1.0023
204,Sn,114,b,50,b,O,16,b,8,b,Mo,98,b,42,b,5.1558
205,Sn,112,b,50,b,F,19,f,9,b,Nb,93,f,41,b,0.4797
206,Sn,112,b,50,b,Ne,22,b,10,b,Zr,90,b,40,b,8.6023
207,Sn,112,b,50,b,Ne,21,f,10,f,Zr,91,f,40,f,5.4409
208,Sn,112,b,50,b,Ne,20,b,10,b,Zr,92,b,40,b,7.3663
209,Sn,114,b,50,b,Ne,22,b,10,b,Zr,92,b,40,b,9.3010
210,Sn,114,b,50,b,Ne,20,b,10,b,Zr,94,b,40,b,6.8726
211,Sn,115,f,50,f,Ne,21,f,10,f,Zr,94,b,40,b,3.2984
212,Sn,116,b,50,b,Ne,22,b,10,b,Zr,94,b,40,b,4.2709
213,Sn,116,b,50,b,Ne,20,b,10,b,Zr,96,b,40,b,1.3674
214,Sn,117,f,50,f,Ne,21,f,10,f,Zr,96,b,40,b,0.9417
215,Sn,118,b,50,b,Ne,22,b,10,b,Zr,96,b,40,b,2.0539
216,Sn,112,b,50,b,Na,23,f,11,b,Y,89,f,39,b,9.0700
217,Sn,112,b,50,b,Mg,26,b,12,b,Sr,86,b,38,b,12.1923
218,Sn,112,b,50,b,Mg,25,f,12,f,Sr,87,f,38,f,9.5106
219,Sn,112,b,50,b,Mg,24,b,12,b,Sr,88,b,38,b,13.3064
220,Sn,114,b,50,b,Mg,26,b,12,b,Sr,88,b,38,b,16.5424
221,Sn,114,b,50,b,Mg,24,b,12,b,Sr,90,b,38,b,12.6543
222,Sn,115,f,50,f,Mg,25,f,12,f,Sr,90,b,38,b,9.6503
223,Sn,116,b,50,b,Mg,26,b,12,b,Sr,90,b,38,b,11.3540
224,Sn,112,b,50,b,Al,27,f,13,b,Rb,85,f,37,b,10.8938
225,Sn,114,b,50,b,Al,27,f,13,b,Rb,87,f,37,b,14.2006
226,Sn,112,b,50,b,Si,30,b,14,b,Kr,82,b,36,b,16.4837
227,Sn,112,b,50,b,Si,29,f,14,f,Kr,83,f,36,f,13.3371
228,Sn,112,b,50,b,Si,28,b,14,b,Kr,84,b,36,b,15.3780
229,Sn,114,b,50,b,Si,30,b,14,b,Kr,84,b,36,b,19.2773
230,Sn,114,b,50,b,Si,28,b,14,b,Kr,86,b,36,b,17.1544
231,Sn,115,f,50,f,Si,29,f,14,f,Kr,86,b,36,b,15.2970
232,Sn,116,b,50,b,Si,30,b,14,b,Kr,86,b,36,b,16.5173
233,Sn,112,b,50,b,P,31,f,15,b,Br,81,f,35,b,13.8169
234,Sn,112,b,50,b,S,34,b,16,b,Se,78,b,34,b,18.3756
235,Sn,112,b,50,b,S,32,b,16,b,Se,80,b,34,b,15.2337
236,Sn,114,b,50,b,S,34,b,16,b,Se,80,b,34,b,20.1044
237,Sn,112,b,50,b,Cl,37,f,17,b,As,75,f,33,b,16.2676
238,Sn,112,b,50,b,Ar,40,b,18,b,Ge,72,b,32,b,19.0714
239,Sn,112,b,50,b,Ar,38,b,18,b,Ge,74,b,32,b,19.6219
240,Sn,114,b,50,b,Ar,40,b,18,b,Ge,74,b,32,b,20.8897
241,Sn,112,b,50,b,Ar,36,b,18,b,Ge,76,b,32,b,14.9337
242,Sn,114,b,50,b,Ar,38,b,18,b,Ge,76,b,32,b,20.3764
243,Sn,116,b,50,b,Ar,40,b,18,b,Ge,76,b,32,b,17.1078
244,Sn,112,b,50,b,K,41,f,19,b,Ga,71,f,31,b,17.0137
245,Sn,112,b,50,b,Ca,48,b,20,b,Zn,64,b,30,b,21.8268
246,Sn,112,b,50,b,Ca,46,b,20,b,Zn,66,b,30,b,23.4764
247,Sn,114,b,50,b,Ca,48,b,20,b,Zn,66,b,30,b,25.6617
248,Sn,115,f,50,f,Ca,48,b,20,b,Zn,67,f,30,f,22.3726
249,Sn,112,b,50,b,Ca,44,b,20,b,Zn,68,b,30,b,22.9008
250,Sn,114,b,50,b,Ca,46,b,20,b,Zn,68,b,30,b,25.5285
251,Sn,116,b,50,b,Ca,48,b,20,b,Zn,68,b,30,b,23.1774
252,Sn,112,b,50,b,Ca,42,b,20,b,Zn,70,b,30,b,19.5278
253,Sn,114,b,50,b,Ca,44,b,20,b,Zn,70,b,30,b,23.4010
254,Sn,116,b,50,b,Ca,46,b,20,b,Zn,70,b,30,b,21.4924
255,Sn,118,b,50,b,Ca,48,b,20,b,Zn,70,b,30,b,22.4294
256,Sn,112,b,50,b,Ti,50,b,22,b,Ni,62,b,28,b,29.6262
257,Sn,112,b,50,b,Ti,48,b,22,b,Ni,64,b,28,b,27.0441
258,Sn,114,b,50,b,Ti,50,b,22,b,Ni,64,b,28,b,30.9359
259,Sn,112,b,50,b,Cr,54,b,24,b,Fe,58,b,26,b,30.5428
260,Te,120,b,52,b,C,12,b,6,b,Pd,108,b,46,b,0.5496
261,Te,120,b,52,b,O,18,b,8,b,Ru,102,b,44,b,1.5183
262,Te,120,b,52,b,O,16,b,8,b,Ru,104,b,44,b,3.7865
263,Te,120,b,52,b,Ne,22,b,10,b,Mo,98,b,42,b,7.0933
264,Te,120,b,52,b,Ne,20,b,10,b,Mo,100,b,42,b,4.1899
265,Te,122,b,52,b,Ne,22,b,10,b,Mo,100,b,42,b,3.7679
266,Te,120,b,52,b,Mg,26,b,12,b,Zr,94,b,40,b,14.6980
267,Te,120,b,52,b,Mg,24,b,12,b,Zr,96,b,40,b,10.4933
268,Te,122,b,52,b,Mg,26,b,12,b,Zr,96,b,40,b,11.3726
269,Te,120,b,52,b,Si,30,b,14,b,Sr,90,b,38,b,21.8147
270,Te,120,b,52,b,S,34,b,16,b,Kr,86,b,36,b,24.2449
271,Te,120,b,52,b,Ar,40,b,18,b,Se,80,b,34,b,23.8593
272,Te,120,b,52,b,Ca,48,b,20,b,Ge,72,b,32,b,28.0054
273,Te,120,b,52,b,Ca,46,b,20,b,Ge,74,b,32,b,27.6384
274,Te,122,b,52,b,Ca,48,b,20,b,Ge,74,b,32,b,27.4670
275,Te,120,b,52,b,Ca,44,b,20,b,Ge,76,b,32,b,25.7651
276,Te,122,b,52,b,Ca,46,b,20,b,Ge,76,b,32,b,26.0362
277,Te,124,b,52,b,Ca,48,b,20,b,Ge,76,b,32,b,27.0478
278,Te,120,b,52,b,Ti,50,b,22,b,Zn,70,b,30,b,32.0173
279,Xe,124,b,54,b,C,12,b,6,b,Cd,112,b,48,b,3.0553
280,Xe,126,b,54,b,C,12,b,6,b,Cd,114,b,48,b,0.5580
281,Xe,124,b,54,b,N,15,f,7,b,Ag,109,f,47,b,1.2221
282,Xe,124,b,54,b,O,18,b,8,b,Pd,106,b,46,b,3.5024
283,Xe,124,b,54,b,O,16,b,8,b,Pd,108,b,46,b,6.7859
284,Xe,126,b,54,b,O,18,b,8,b,Pd,108,b,46,b,1.0144
285,Xe,126,b,54,b,O,16,b,8,b,Pd,110,b,46,b,4.4283
286,Xe,124,b,54,b,Ne,22,b,10,b,Ru,102,b,44,b,10.2604
287,Xe,124,b,54,b,Ne,20,b,10,b,Ru,104,b,44,b,7.5898
288,Xe,126,b,54,b,Ne,22,b,10,b,Ru,104,b,44,b,6.7571
289,Xe,124,b,54,b,Mg,26,b,12,b,Mo,98,b,42,b,16.7846
290,Xe,124,b,54,b,Mg,24,b,12,b,Mo,100,b,42,b,12.5798
291,Xe,126,b,54,b,Mg,26,b,12,b,Mo,100,b,42,b,13.0484
292,Xe,124,b,54,b,Si,30,b,14,b,Zr,94,b,40,b,24.4228
293,Xe,124,b,54,b,Si,28,b,14,b,Zr,96,b,40,b,19.5549
294,Xe,126,b,54,b,Si,30,b,14,b,Zr,96,b,40,b,20.6866
295,Xe,124,b,54,b,S,34,b,16,b,Sr,90,b,38,b,28.8065
296,Xe,124,b,54,b,Cl,37,f,17,b,Rb,87,f,37,b,28.9173
297,Xe,124,b,54,b,Ar,40,b,18,b,Kr,84,b,36,b,30.0239
298,Xe,124,b,54,b,Ar,38,b,18,b,Kr,86,b,36,b,30.5325
299,Xe,126,b,54,b,Ar,40,b,18,b,Kr,86,b,36,b,29.0328
300,Xe,124,b,54,b,Ca,48,b,20,b,Se,76,b,34,b,32.1626
301,Xe,124,b,54,b,Ca,46,b,20,b,Se,78,b,34,b,32.6796
302,Xe,126,b,54,b,Ca,48,b,20,b,Se,78,b,34,b,32.0974
303,Xe,124,b,54,b,Ca,44,b,20,b,Se,80,b,34,b,31.7807
304,Xe,126,b,54,b,Ca,46,b,20,b,Se,80,b,34,b,31.6410
305,Xe,128,b,54,b,Ca,48,b,20,b,Se,80,b,34,b,32.2884
306,Xe,124,b,54,b,Ti,50,b,22,b,Ge,74,b,32,b,37.4274
307,Xe,124,b,54,b,Ti,48,b,22,b,Ge,76,b,32,b,34.2902
308,Xe,126,b,54,b,Ti,50,b,22,b,Ge,76,b,32,b,35.4145
309,Xe,124,b,54,b,Cr,54,b,24,b,Zn,70,b,30,b,39.0231
310,Ba,130,b,56,b,C,12,b,6,b,Sn,118,b,50,b,4.1079
311,Ba,132,b,56,b,C,12,b,6,b,Sn,120,b,50,b,2.7852
312,Ba,134,b,56,b,C,12,b,6,b,Sn,122,b,50,b,0.8383
313,Ba,130,b,56,b,N,15,f,7,b,In,115,f,49,b,1.8835
314,Ba,130,b,56,b,O,18,b,8,b,Cd,112,b,48,b,3.9123
315,Ba,130,b,56,b,O,17,f,8,f,Cd,113,f,48,f,2.2877
316,Ba,130,b,56,b,O,16,b,8,b,Cd,114,b,48,b,7.1865
317,Ba,132,b,56,b,O,18,b,8,b,Cd,114,b,48,b,2.2263
318,Ba,132,b,56,b,O,16,b,8,b,Cd,116,b,48,b,4.8391
319,Ba,134,b,56,b,O,18,b,8,b,Cd,116,b,48,b,0.1304
320,Ba,130,b,56,b,Ne,22,b,10,b,Pd,108,b,46,b,10.1486
321,Ba,130,b,56,b,Ne,20,b,10,b,Pd,110,b,46,b,8.6238
322,Ba,132,b,56,b,Ne,22,b,10,b,Pd,110,b,46,b,8.6023
323,Ba,130,b,56,b,Mg,26,b,12,b,Ru,104,b,44,b,16.8405
324,Ba,130,b,56,b,Si,30,b,14,b,Mo,100,b,42,b,23.1653
325,Ba,130,b,56,b,S,34,b,16,b,Zr,96,b,40,b,28.0706
326,Ba,130,b,56,b,Ar,40,b,18,b,Sr,90,b,38,b,33.9865
327,Ba,130,b,56,b,Ca,48,b,20,b,Kr,82,b,36,b,37.5895
328,Ba,130,b,56,b,Ca,46,b,20,b,Kr,84,b,36,b,38.1978
329,Ba,132,b,56,b,Ca,48,b,20,b,Kr,84,b,36,b,38.4269
330,Ba,130,b,56,b,Ca,44,b,20,b,Kr,86,b,36,b,37.3464
331,Ba,132,b,56,b,Ca,46,b,20,b,Kr,86,b,36,b,38.0180
332,Ba,134,b,56,b,Ca,48,b,20,b,Kr,86,b,36,b,38.4987
333,Ba,130,b,56,b,Ti,50,b,22,b,Se,80,b,34,b,41.8222
334,Ba,130,b,56,b,Cr,54,b,24,b,Ge,76,b,32,b,42.8124
335,La,139,f,57,b,N,15,f,7,b,Sn,124,b,50,b,0.6632
336,Ce,142,b,58,b,He,4,b,2,b,Ba,138,b,56,b,1.3292
337,Ce,136,b,58,b,C,12,b,6,b,Te,124,b,52,b,4.0427
338,Ce,138,b,58,b,C,12,b,6,b,Te,126,b,52,b,2.3082
339,Ce,140,b,58,b,C,12,b,6,b,Te,128,b,52,b,1.0340
340,Ce,142,b,58,b,C,12,b,6,b,Te,130,b,52,b,2.1797
341,Ce,136,b,58,b,N,15,f,7,b,Sb,121,f,51,b,3.0199
342,Ce,138,b,58,b,N,15,f,7,b,Sb,123,f,51,b,1.3618
343,Ce,136,b,58,b,O,18,b,8,b,Sn,118,b,50,b,5.7287
344,Ce,136,b,58,b,O,17,f,8,f,Sn,119,f,50,f,4.2625
345,Ce,136,b,58,b,O,16,b,8,b,Sn,120,b,50,b,9.3662
346,Ce,138,b,58,b,O,18,b,8,b,Sn,120,b,50,b,4.1265
347,Ce,138,b,58,b,O,16,b,8,b,Sn,122,b,50,b,6.8884
348,Ce,140,b,58,b,O,18,b,8,b,Sn,122,b,50,b,3.0274
349,Ce,140,b,58,b,O,16,b,8,b,Sn,124,b,50,b,5.2769
350,Ce,142,b,58,b,O,18,b,8,b,Sn,124,b,50,b,4.3221
351,Ce,136,b,58,b,Ne,22,b,10,b,Cd,114,b,48,b,11.3130
352,Ce,136,b,58,b,Ne,20,b,10,b,Cd,116,b,48,b,8.9871
353,Ce,138,b,58,b,Ne,22,b,10,b,Cd,116,b,48,b,8.6862
354,Ce,136,b,58,b,Mg,26,b,12,b,Pd,110,b,46,b,18.6383
355,Ce,136,b,58,b,Ar,40,b,18,b,Zr,96,b,40,b,34.0144
356,Ce,136,b,58,b,Ca,48,b,20,b,Sr,88,b,38,b,45.7615
357,Ce,136,b,58,b,Ca,46,b,20,b,Sr,90,b,38,b,42.9242
358,Ce,138,b,58,b,Ca,48,b,20,b,Sr,90,b,38,b,42.8739
359,Ce,136,b,58,b,Ti,50,b,22,b,Kr,86,b,36,b,48.1517
360,Pr,141,f,59,b,N,15,f,7,b,Te,126,b,52,b,3.7632
361,Pr,141,f,59,b,O,18,b,8,b,Sb,123,f,51,b,3.8005
362,Pr,141,f,59,b,F,19,f,9,b,Sn,122,b,50,b,5.1931
363,Nd,144,b,60,b,He,4,b,2,b,Ce,140,b,58,b,1.3758
364,Nd,146,b,60,b,He,4,b,2,b,Ce,142,b,58,b,0.9753
365,Nd,148,b,60,b,B,11,f,5,b,Cs,137,f,55,b,0.3307
366,Nd,142,b,60,b,C,12,b,6,b,Xe,130,b,54,b,3.6962
367,Nd,143,f,60,f,C,13,f,6,f,Xe,130,b,54,b,2.5672
368,Nd,143,f,60,f,C,12,b,6,b,Xe,131,f,54,f,4.2225
369,Nd,144,b,60,b,C,13,f,6,f,Xe,131,f,54,f,1.3590
370,Nd,144,b,60,b,C,12,b,6,b,Xe,132,b,54,b,5.3449
371,Nd,145,f,60,f,C,13,f,6,f,Xe,132,b,54,b,4.3259
372,Nd,146,b,60,b,C,12,b,6,b,Xe,134,b,54,b,6.7925
373,Nd,148,b,60,b,C,12,b,6,b,Xe,136,b,54,b,8.6247
374,Nd,142,b,60,b,N,15,f,7,b,I,127,f,53,b,2.8112
375,Nd,142,b,60,b,O,18,b,8,b,Te,124,b,52,b,5.1772
376,Nd,142,b,60,b,O,17,f,8,f,Te,125,f,52,f,3.6552
377,Nd,143,f,60,f,O,18,b,8,b,Te,125,f,52,f,5.6262
378,Nd,142,b,60,b,O,16,b,8,b,Te,126,b,52,b,8.6825
379,Nd,143,f,60,f,O,17,f,8,f,Te,126,b,52,b,6.7477
380,Nd,144,b,60,b,O,18,b,8,b,Te,126,b,52,b,6.9843
381,Nd,144,b,60,b,O,16,b,8,b,Te,128,b,52,b,9.5711
382,Nd,145,f,60,f,O,17,f,8,f,Te,128,b,52,b,7.7463
383,Nd,146,b,60,b,O,18,b,8,b,Te,128,b,52,b,8.2158
384,Nd,146,b,60,b,O,16,b,8,b,Te,130,b,52,b,10.3163
385,Nd,148,b,60,b,O,18,b,8,b,Te,130,b,52,b,9.8925
386,Nd,142,b,60,b,F,19,f,9,b,Sb,123,f,51,b,4.5857
387,Nd,142,b,60,b,Ne,22,b,10,b,Sn,120,b,50,b,13.0065
388,Nd,142,b,60,b,Ne,20,b,10,b,Sn,122,b,50,b,10.8296
389,Nd,143,f,60,f,Ne,21,f,10,f,Sn,122,b,50,b,11.5142
390,Nd,144,b,60,b,Ne,22,b,10,b,Sn,122,b,50,b,14.0702
391,Nd,144,b,60,b,Ne,20,b,10,b,Sn,124,b,50,b,11.3810
392,Nd,145,f,60,f,Ne,21,f,10,f,Sn,124,b,50,b,12.1756
393,Nd,146,b,60,b,Ne,22,b,10,b,Sn,124,b,50,b,14.9645
394,Nd,142,b,60,b,Mg,26,b,12,b,Cd,116,b,48,b,18.5153
395,Nd,142,b,60,b,Ca,48,b,20,b,Zr,94,b,40,b,45.6199
396,Nd,142,b,60,b,Ca,46,b,20,b,Zr,96,b,40,b,42.4659
397,Nd,144,b,60,b,Ca,48,b,20,b,Zr,96,b,40,b,45.9571
398,Sm,147,f,62,f,He,4,b,2,b,Nd,143,f,60,f,2.2328
399,Sm,148,b,62,b,He,4,b,2,b,Nd,144,b,60,b,1.9161
400,Sm,149,f,62,f,He,4,b,2,b,Nd,145,f,60,f,2.0185
401,Sm,150,b,62,b,He,4,b,2,b,Nd,146,b,60,b,1.5994
402,Sm,152,b,62,b,He,4,b,2,b,Nd,148,b,60,b,0.3791
403,Sm,149,f,62,f,B,11,f,5,b,La,138,b,57,f,0.7592
404,Sm,150,b,62,b,B,11,f,5,b,La,139,f,57,b,1.5323
405,Sm,144,b,62,b,C,12,b,6,b,Ba,132,b,56,b,6.0827
406,Sm,147,f,62,f,C,13,f,6,f,Ba,134,b,56,b,6.4795
407,Sm,147,f,62,f,C,12,b,6,b,Ba,135,f,56,f,8.4300
408,Sm,148,b,62,b,C,13,f,6,f,Ba,135,f,56,f,5.2499
409,Sm,148,b,62,b,C,12,b,6,b,Ba,136,b,56,b,9.5012
410,Sm,149,f,62,f,C,13,f,6,f,Ba,136,b,56,b,8.5846
411,Sm,149,f,62,f,C,12,b,6,b,Ba,137,f,56,f,10.5911
412,Sm,150,b,62,b,C,13,f,6,f,Ba,137,f,56,f,7.5414
413,Sm,150,b,62,b,C,12,b,6,b,Ba,138,b,56,b,11.1779
414,Sm,147,f,62,f,N,14,b,7,f,Cs,133,f,55,b,5.8572
415,Sm,148,b,62,b,N,15,f,7,b,Cs,133,f,55,b,8.7206
416,Sm,152,b,62,b,N,15,f,7,b,Cs,137,f,55,b,11.7014
417,Sm,144,b,62,b,O,18,b,8,b,Xe,126,b,54,b,7.7510
418,Sm,144,b,62,b,O,16,b,8,b,Xe,128,b,54,b,12.2929
419,Sm,147,f,62,f,O,18,b,8,b,Xe,129,f,54,f,9.9446
420,Sm,147,f,62,f,O,17,f,8,f,Xe,130,b,54,b,11.1556
421,Sm,148,b,62,b,O,18,b,8,b,Xe,130,b,54,b,11.0755
422,Sm,147,f,62,f,O,16,b,8,b,Xe,131,f,54,f,13.6166
423,Sm,148,b,62,b,O,17,f,8,f,Xe,131,f,54,f,9.6307
424,Sm,149,f,62,f,O,18,b,8,b,Xe,131,f,54,f,11.8141
425,Sm,148,b,62,b,O,16,b,8,b,Xe,132,b,54,b,14.4223
426,Sm,149,f,62,f,O,17,f,8,f,Xe,132,b,54,b,12.7000
427,Sm,150,b,62,b,O,18,b,8,b,Xe,132,b,54,b,12.7503
428,Sm,150,b,62,b,O,16,b,8,b,Xe,134,b,54,b,15.5532
429,Sm,152,b,62,b,O,18,b,8,b,Xe,134,b,54,b,13.9091
430,Sm,152,b,62,b,O,16,b,8,b,Xe,136,b,54,b,16.1651
431,Sm,154,b,62,b,O,18,b,8,b,Xe,136,b,54,b,14.5583
432,Sm,144,b,62,b,Ne,22,b,10,b,Te,122,b,52,b,16.0822
433,Sm,144,b,62,b,Ne,21,f,10,f,Te,123,f,52,f,12.6879
434,Sm,144,b,62,b,Ne,20,b,10,b,Te,124,b,52,b,15.3212
435,Sm,147,f,62,f,Ne,22,b,10,b,Te,125,f,52,f,17.5261
436,Sm,147,f,62,f,Ne,21,f,10,f,Te,126,b,52,b,16.3282
437,Sm,148,b,62,b,Ne,22,b,10,b,Te,126,b,52,b,18.5675
438,Sm,148,b,62,b,Ne,20,b,10,b,Te,128,b,52,b,16.2154
439,Sm,149,f,62,f,Ne,21,f,10,f,Te,128,b,52,b,17.1125
440,Sm,150,b,62,b,Ne,22,b,10,b,Te,128,b,52,b,19.4822
441,Sm,150,b,62,b,Ne,20,b,10,b,Te,130,b,52,b,16.6439
442,Sm,152,b,62,b,Ne,22,b,10,b,Te,130,b,52,b,19.9386
443,Sm,144,b,62,b,Na,23,f,11,b,Sb,121,f,51,b,16.8852
444,Sm,144,b,62,b,Mg,26,b,12,b,Sn,118,b,50,b,25.4009
445,Sm,144,b,62,b,Mg,25,f,12,f,Sn,119,f,50,f,20.8841
446,Sm,144,b,62,b,Mg,24,b,12,b,Sn,120,b,50,b,22.7983
447,Sm,147,f,62,f,Mg,25,f,12,f,Sn,122,b,50,b,23.6320
448,Sm,148,b,62,b,Mg,26,b,12,b,Sn,122,b,50,b,26.6025
449,Sm,148,b,62,b,Mg,24,b,12,b,Sn,124,b,50,b,22.6120
450,Sm,149,f,62,f,Mg,25,f,12,f,Sn,124,b,50,b,24.0791
451,Sm,150,b,62,b,Mg,26,b,12,b,Sn,124,b,50,b,27.1801
452,Sm,144,b,62,b,Si,30,b,14,b,Cd,114,b,48,b,31.9679
453,Sm,144,b,62,b,Si,28,b,14,b,Cd,116,b,48,b,27.6775
454,Sm,144,b,62,b,S,34,b,16,b,Pd,110,b,46,b,36.5937
455,Sm,144,b,62,b,Ar,40,b,18,b,Ru,104,b,44,b,40.7398
456,Sm,144,b,62,b,Ca,48,b,20,b,Mo,96,b,42,b,50.9872
457,Sm,144,b,62,b,Ca,46,b,20,b,Mo,98,b,42,b,48.8578
458,Sm,144,b,62,b,Ca,44,b,20,b,Mo,100,b,42,b,45.2613
459,Sm,148,b,62,b,Ca,48,b,20,b,Mo,100,b,42,b,50.8847
460,Sm,144,b,62,b,Ti,50,b,22,b,Zr,94,b,40,b,56.5603
461,Sm,144,b,62,b,Ti,48,b,22,b,Zr,96,b,40,b,51.6998
462,Sm,144,b,62,b,Cr,54,b,24,b,Sr,90,b,38,b,60.9579
463,Sm,144,b,62,b,Fe,58,b,26,b,Kr,86,b,36,b,63.1190
464,Sm,144,b,62,b,Ni,64,b,28,b,Se,80,b,34,b,62.5768
465,Sm,144,b,62,b,Zn,70,b,30,b,Ge,74,b,32,b,60.6887
466,Sm,144,b,62,b,Zn,68,b,30,b,Ge,76,b,32,b,60.9430
467,Eu,151,f,63,b,B,11,f,5,b,Ce,140,b,58,b,4.1964
468,Eu,153,f,63,b,B,11,f,5,b,Ce,142,b,58,b,2.3427
469,Eu,151,f,63,b,C,13,f,6,f,La,138,b,57,f,8.8175
470,Eu,151,f,63,b,C,12,b,6,b,La,139,f,57,b,12.6404
471,Eu,151,f,63,b,N,15,f,7,b,Ba,136,b,56,b,14.1233
472,Eu,151,f,63,b,N,14,b,7,f,Ba,137,f,56,f,10.0862
473,Eu,153,f,63,b,N,15,f,7,b,Ba,138,b,56,b,14.6636
474,Eu,151,f,63,b,O,18,b,8,b,Cs,133,f,55,b,14.3264
475,Eu,153,f,63,b,O,16,b,8,b,Cs,137,f,55,b,17.8148
476,Eu,151,f,63,b,F,19,f,9,b,Xe,132,b,54,b,15.8941
477,Eu,153,f,63,b,F,19,f,9,b,Xe,134,b,54,b,15.8885
478,Eu,151,f,63,b,Na,23,f,11,b,Te,128,b,52,b,23.4243
479,Eu,153,f,63,b,Na,23,f,11,b,Te,130,b,52,b,22.7163
480,Eu,151,f,63,b,Al,27,f,13,b,Sn,124,b,50,b,30.6042
481,Gd,152,b,64,b,He,4,b,2,b,Sm,148,b,62,b,2.2048
482,Gd,154,b,64,b,He,4,b,2,b,Sm,150,b,62,b,1.0312
483,Gd,156,b,64,b,He,4,b,2,b,Sm,152,b,62,b,0.0065
484,Gd,152,b,64,b,B,11,f,5,b,Pr,141,f,59,b,2.6408
485,Gd,152,b,64,b,C,12,b,6,b,Ce,140,b,58,b,12.7708
486,Gd,154,b,64,b,C,12,b,6,b,Ce,142,b,58,b,10.8799
487,Gd,155,f,64,f,C,13,f,6,f,Ce,142,b,58,b,9.4975
488,Gd,152,b,64,b,N,14,b,7,f,La,138,b,57,f,8.8287
489,Gd,154,b,64,b,N,15,f,7,b,La,139,f,57,b,13.5551
490,Gd,152,b,64,b,O,18,b,8,b,Ba,134,b,56,b,14.9598
491,Gd,152,b,64,b,O,17,f,8,f,Ba,135,f,56,f,13.8103
492,Gd,152,b,64,b,O,16,b,8,b,Ba,136,b,56,b,18.8674
493,Gd,154,b,64,b,O,18,b,8,b,Ba,136,b,56,b,16.0217
494,Gd,154,b,64,b,O,17,f,8,f,Ba,137,f,56,f,14.9281
495,Gd,155,f,64,f,O,18,b,8,b,Ba,137,f,56,f,16.6458
496,Gd,154,b,64,b,O,16,b,8,b,Ba,138,b,56,b,19.3704
497,Gd,155,f,64,f,O,17,f,8,f,Ba,138,b,56,b,17.1823
498,Gd,156,b,64,b,O,18,b,8,b,Ba,138,b,56,b,16.7017
499,Gd,152,b,64,b,F,19,f,9,b,Cs,133,f,55,b,14.9365
500,Gd,156,b,64,b,F,19,f,9,b,Cs,137,f,55,b,15.7190
501,Gd,152,b,64,b,Ne,22,b,10,b,Xe,130,b,54,b,22.9474
502,Gd,152,b,64,b,Ne,21,f,10,f,Xe,131,f,54,f,19.1832
503,Gd,152,b,64,b,Ne,20,b,10,b,Xe,132,b,54,b,21.3554
504,Gd,154,b,64,b,Ne,22,b,10,b,Xe,132,b,54,b,23.4485
505,Gd,154,b,64,b,Ne,20,b,10,b,Xe,134,b,54,b,21.3126
506,Gd,155,f,64,f,Ne,21,f,10,f,Xe,134,b,54,b,21.7439
507,Gd,156,b,64,b,Ne,22,b,10,b,Xe,134,b,54,b,23.5826
508,Gd,156,b,64,b,Ne,20,b,10,b,Xe,136,b,54,b,20.8999
509,Gd,157,f,64,f,Ne,21,f,10,f,Xe,136,b,54,b,21.3033
510,Gd,158,b,64,b,Ne,22,b,10,b,Xe,136,b,54,b,23.7475
511,Gd,152,b,64,b,Mg,26,b,12,b,Te,126,b,52,b,31.3886
512,Gd,152,b,64,b,Mg,24,b,12,b,Te,128,b,52,b,27.7352
513,Gd,154,b,64,b,Mg,26,b,12,b,Te,128,b,52,b,31.1296
514,Gd,154,b,64,b,Mg,24,b,12,b,Te,130,b,52,b,26.9900
515,Gd,155,f,64,f,Mg,25,f,12,f,Te,130,b,52,b,27.9914
516,Gd,156,b,64,b,Mg,26,b,12,b,Te,130,b,52,b,30.5614
517,Gd,152,b,64,b,Si,30,b,14,b,Sn,122,b,50,b,39.4572
518,Gd,152,b,64,b,Si,28,b,14,b,Sn,124,b,50,b,34.8034
519,Gd,154,b,64,b,Si,30,b,14,b,Sn,124,b,50,b,38.8610
520,Gd,152,b,64,b,Ca,48,b,20,b,Ru,104,b,44,b,57.4145
521,Gd,152,b,64,b,Ge,76,b,32,b,Ge,76,b,32,b,71.5481
522,Tb,159,f,65,b,Ne,22,b,10,b,Cs,137,f,55,b,24.9128
523,Tb,159,f,65,b,Na,23,f,11,b,Xe,136,b,54,b,26.0408
524,Dy,156,b,66,b,He,4,b,2,b,Gd,152,b,64,b,1.5155
525,Dy,158,b,66,b,He,4,b,2,b,Gd,154,b,64,b,0.5934
526,Dy,160,b,66,b,He,4,b,2,b,Gd,156,b,64,b,0.1183
527,Dy,161,f,66,f,He,4,b,2,b,Gd,157,f,64,f,0.0531
528,Dy,156,b,66,b,C,13,f,6,f,Nd,143,f,60,f,10.0471
529,Dy,156,b,66,b,C,12,b,6,b,Nd,144,b,60,b,12.9105
530,Dy,158,b,66,b,C,13,f,6,f,Nd,145,f,60,f,7.8674
531,Dy,158,b,66,b,C,12,b,6,b,Nd,146,b,60,b,10.4979
532,Dy,160,b,66,b,C,12,b,6,b,Nd,148,b,60,b,7.7780
533,Dy,161,f,66,f,C,13,f,6,f,Nd,148,b,60,b,6.3025
534,Dy,162,b,66,b,C,12,b,6,b,Nd,150,b,60,b,5.3654
535,Dy,163,f,66,f,C,13,f,6,f,Nd,150,b,60,b,4.0110
536,Dy,156,b,66,b,N,15,f,7,b,Pr,141,f,59,b,15.1480
537,Dy,156,b,66,b,O,18,b,8,b,Ce,138,b,58,b,17.5866
538,Dy,156,b,66,b,O,16,b,8,b,Ce,140,b,58,b,21.4477
539,Dy,158,b,66,b,O,18,b,8,b,Ce,140,b,58,b,17.6798
540,Dy,158,b,66,b,O,16,b,8,b,Ce,142,b,58,b,18.6345
541,Dy,160,b,66,b,O,18,b,8,b,Ce,142,b,58,b,15.4907
542,Dy,158,b,66,b,F,19,f,9,b,La,139,f,57,b,18.1595
543,Dy,156,b,66,b,Ne,22,b,10,b,Ba,134,b,56,b,26.1424
544,Dy,156,b,66,b,Ne,21,f,10,f,Ba,135,f,56,f,22.6735
545,Dy,156,b,66,b,Ne,20,b,10,b,Ba,136,b,56,b,25.1112
546,Dy,158,b,66,b,Ne,22,b,10,b,Ba,136,b,56,b,26.2821
547,Dy,158,b,66,b,Ne,21,f,10,f,Ba,137,f,56,f,22.8691
548,Dy,158,b,66,b,Ne,20,b,10,b,Ba,138,b,56,b,24.6920
549,Dy,160,b,66,b,Ne,22,b,10,b,Ba,138,b,56,b,26.4870
550,Dy,156,b,66,b,Na,23,f,11,b,Cs,133,f,55,b,26.9174
551,Dy,160,b,66,b,Na,23,f,11,b,Cs,137,f,55,b,26.3026
552,Dy,156,b,66,b,Mg,26,b,12,b,Xe,130,b,54,b,35.0791
553,Dy,156,b,66,b,Mg,25,f,12,f,Xe,131,f,54,f,30.5837
554,Dy,156,b,66,b,Mg,24,b,12,b,Xe,132,b,54,b,32.1859
555,Dy,158,b,66,b,Mg,26,b,12,b,Xe,132,b,54,b,34.6581
556,Dy,158,b,66,b,Mg,24,b,12,b,Xe,134,b,54,b,31.2209
557,Dy,160,b,66,b,Mg,26,b,12,b,Xe,134,b,54,b,34.3172
558,Dy,160,b,66,b,Mg,24,b,12,b,Xe,136,b,54,b,30.3332
559,Dy,161,f,66,f,Mg,25,f,12,f,Xe,136,b,54,b,31.2414
560,Dy,162,b,66,b,Mg,26,b,12,b,Xe,136,b,54,b,34.1467
561,Dy,156,b,66,b,Si,30,b,14,b,Te,126,b,52,b,43.5539
562,Dy,156,b,66,b,Si,28,b,14,b,Te,128,b,52,b,39.2373
563,Dy,158,b,66,b,Si,30,b,14,b,Te,128,b,52,b,42.3727
564,Dy,158,b,66,b,Si,28,b,14,b,Te,130,b,52,b,37.5700
565,Dy,160,b,66,b,Si,30,b,14,b,Te,130,b,52,b,41.3295
566,Dy,156,b,66,b,S,34,b,16,b,Sn,122,b,50,b,48.8895
567,Dy,156,b,66,b,S,32,b,16,b,Sn,124,b,50,b,43.2642
568,Dy,158,b,66,b,S,34,b,16,b,Sn,124,b,50,b,47.3711
569,Dy,156,b,66,b,Ar,40,b,18,b,Cd,116,b,48,b,52.5046
570,Dy,156,b,66,b,Ca,48,b,20,b,Pd,108,b,46,b,62.8544
571,Dy,156,b,66,b,Ca,46,b,20,b,Pd,110,b,46,b,61.0790
572,Dy,158,b,66,b,Ca,48,b,20,b,Pd,110,b,46,b,62.5005
573,Dy,156,b,66,b,Zn,70,b,30,b,Kr,86,b,36,b,81.7805
574,Dy,156,b,66,b,Ge,76,b,32,b,Se,80,b,34,b,80.0042
575,Ho,165,f,67,b,N,15,f,7,b,Nd,150,b,60,b,8.8324
576,Er,162,b,68,b,He,4,b,2,b,Dy,158,b,66,b,2.0838
577,Er,164,b,68,b,He,4,b,2,b,Dy,160,b,66,b,1.7391
578,Er,166,b,68,b,He,4,b,2,b,Dy,162,b,66,b,1.2361
579,Er,167,f,68,f,He,4,b,2,b,Dy,163,f,66,f,1.0032
580,Er,168,b,68,b,He,4,b,2,b,Dy,164,b,66,b,0.8821
581,Er,162,b,68,b,C,13,f,6,f,Sm,149,f,62,f,7.9326
582,Er,162,b,68,b,C,12,b,6,b,Sm,150,b,62,b,10.9823
583,Er,164,b,68,b,C,12,b,6,b,Sm,152,b,62,b,9.1380
584,Er,166,b,68,b,C,12,b,6,b,Sm,154,b,62,b,7.8152
585,Er,167,f,68,f,C,13,f,6,f,Sm,154,b,62,b,6.2280
586,Er,162,b,68,b,O,18,b,8,b,Nd,144,b,60,b,18.3877
587,Er,162,b,68,b,O,17,f,8,f,Nd,145,f,60,f,16.3067
588,Er,162,b,68,b,O,16,b,8,b,Nd,146,b,60,b,19.7430
589,Er,164,b,68,b,O,18,b,8,b,Nd,146,b,60,b,16.2546
590,Er,164,b,68,b,O,16,b,8,b,Nd,148,b,60,b,16.6784
591,Er,166,b,68,b,O,18,b,8,b,Nd,148,b,60,b,13.7489
592,Er,166,b,68,b,O,16,b,8,b,Nd,150,b,60,b,13.7628
593,Er,167,f,68,f,O,17,f,8,f,Nd,150,b,60,b,11.3698
594,Er,168,b,68,b,O,18,b,8,b,Nd,150,b,60,b,11.6530
595,Er,162,b,68,b,Ne,22,b,10,b,Ce,140,b,58,b,29.4306
596,Er,162,b,68,b,Ne,20,b,10,b,Ce,142,b,58,b,25.4466
597,Er,164,b,68,b,Ne,22,b,10,b,Ce,142,b,58,b,26.8969
598,Er,162,b,68,b,Na,23,f,11,b,La,139,f,57,b,30.7086
599,Er,162,b,68,b,Mg,26,b,12,b,Ba,136,b,56,b,38.9821
600,Er,162,b,68,b,Mg,25,f,12,f,Ba,137,f,56,f,34.8379
601,Er,162,b,68,b,Mg,24,b,12,b,Ba,138,b,56,b,36.0907
602,Er,164,b,68,b,Mg,26,b,12,b,Ba,138,b,56,b,38.8424
603,Er,164,b,68,b,Al,27,f,13,b,Cs,137,f,55,b,38.1400
604,Er,162,b,68,b,Si,30,b,14,b,Xe,132,b,54,b,47.3916
605,Er,162,b,68,b,Si,28,b,14,b,Xe,134,b,54,b,43.2912
606,Er,164,b,68,b,Si,30,b,14,b,Xe,134,b,54,b,46.7060
607,Er,164,b,68,b,Si,28,b,14,b,Xe,136,b,54,b,42.0588
608,Er,166,b,68,b,Si,30,b,14,b,Xe,136,b,54,b,46.0326
609,Er,162,b,68,b,S,34,b,16,b,Te,128,b,52,b,52.3733
610,Er,162,b,68,b,S,32,b,16,b,Te,130,b,52,b,46.5989
611,Er,164,b,68,b,S,34,b,16,b,Te,130,b,52,b,50.9853
612,Er,162,b,68,b,Ar,40,b,18,b,Sn,122,b,50,b,58.6897
613,Er,162,b,68,b,Ar,38,b,18,b,Sn,124,b,50,b,56.6674
614,Er,164,b,68,b,Ar,40,b,18,b,Sn,124,b,50,b,57.4508
615,Er,162,b,68,b,Ca,48,b,20,b,Cd,114,b,48,b,67.8752
616,Er,162,b,68,b,Ca,46,b,20,b,Cd,116,b,48,b,65.2987
617,Er,164,b,68,b,Ca,48,b,20,b,Cd,116,b,48,b,66.9996
618,Er,162,b,68,b,Ge,76,b,32,b,Kr,86,b,36,b,90.1901
619,Tm,169,f,69,b,He,4,b,2,b,Ho,165,f,67,b,1.3479
620,Tm,169,f,69,b,B,11,f,5,b,Gd,158,b,64,b,0.8803
621,Tm,169,f,69,b,N,15,f,7,b,Sm,154,b,62,b,11.3940
622,Tm,169,f,69,b,F,19,f,9,b,Nd,150,b,60,b,14.1913
623,Yb,170,b,70,b,He,4,b,2,b,Er,166,b,68,b,1.7484
624,Yb,171,f,70,f,He,4,b,2,b,Er,167,f,68,f,1.7018
625,Yb,172,b,70,b,He,4,b,2,b,Er,168,b,68,b,1.4690
626,Yb,174,b,70,b,He,4,b,2,b,Er,170,b,68,b,0.8449
627,Yb,170,b,70,b,B,11,f,5,b,Tb,159,f,65,b,0.5822
628,Yb,170,b,70,b,C,13,f,6,f,Gd,157,f,64,f,7.0663
629,Yb,170,b,70,b,C,12,b,6,b,Gd,158,b,64,b,10.0415
630,Yb,171,f,70,f,C,13,f,6,f,Gd,158,b,64,b,8.4077
631,Yb,172,b,70,b,C,12,b,6,b,Gd,160,b,64,b,8.7933
632,Yb,173,f,70,f,C,13,f,6,f,Gd,160,b,64,b,7.2899
633,Yb,170,b,70,b,O,18,b,8,b,Sm,152,b,62,b,15.1181
634,Yb,170,b,70,b,O,16,b,8,b,Sm,154,b,62,b,16.7250
635,Yb,171,f,70,f,O,17,f,8,f,Sm,154,b,62,b,14.2854
636,Yb,172,b,70,b,O,18,b,8,b,Sm,154,b,62,b,14.3357
637,Yb,170,b,70,b,Ne,22,b,10,b,Nd,148,b,60,b,25.1643
638,Yb,170,b,70,b,Ne,20,b,10,b,Nd,150,b,60,b,20.2395
639,Yb,171,f,70,f,Ne,21,f,10,f,Nd,150,b,60,b,20.4193
640,Yb,172,b,70,b,Ne,22,b,10,b,Nd,150,b,60,b,22.7890
641,Yb,170,b,70,b,S,34,b,16,b,Xe,136,b,54,b,55.6978
642,Yb,170,b,70,b,Ar,40,b,18,b,Te,130,b,52,b,61.2886
643,Yb,170,b,70,b,Ca,48,b,20,b,Sn,122,b,50,b,73.6877
644,Yb,170,b,70,b,Ca,46,b,20,b,Sn,124,b,50,b,70.7479
645,Yb,172,b,70,b,Ca,48,b,20,b,Sn,124,b,50,b,73.5480
646,Lu,175,f,71,b,B,11,f,5,b,Dy,164,b,66,b,2.5663
647,Lu,175,f,71,b,N,15,f,7,b,Gd,160,b,64,b,12.7261
648,Hf,174,b,72,b,He,4,b,2,b,Yb,170,b,70,b,2.5868
649,Hf,176,b,72,b,He,4,b,2,b,Yb,172,b,70,b,2.3166
650,Hf,177,f,72,f,He,4,b,2,b,Yb,173,f,70,f,2.4005
651,Hf,178,b,72,b,He,4,b,2,b,Yb,174,b,70,b,2.0931
652,Hf,180,b,72,b,He,4,b,2,b,Yb,176,b,70,b,1.3665
653,Hf,176,b,72,b,B,11,f,5,b,Ho,165,f,67,b,1.9049
654,Hf,174,b,72,b,C,13,f,6,f,Dy,161,f,66,f,9.6000
655,Hf,174,b,72,b,C,12,b,6,b,Dy,162,b,66,b,12.8453
656,Hf,176,b,72,b,C,13,f,6,f,Dy,163,f,66,f,9.2460
657,Hf,176,b,72,b,C,12,b,6,b,Dy,164,b,66,b,11.9418
658,Hf,177,f,72,f,C,13,f,6,f,Dy,164,b,66,b,10.5222
659,Hf,174,b,72,b,N,15,f,7,b,Tb,159,f,65,b,14.1606
660,Hf,174,b,72,b,O,18,b,8,b,Gd,156,b,64,b,17.6984
661,Hf,174,b,72,b,O,17,f,8,f,Gd,157,f,64,f,16.0087
662,Hf,174,b,72,b,O,16,b,8,b,Gd,158,b,64,b,19.7896
663,Hf,176,b,72,b,O,18,b,8,b,Gd,158,b,64,b,17.1302
664,Hf,176,b,72,b,O,16,b,8,b,Gd,160,b,64,b,18.2713
665,Hf,177,f,72,f,O,17,f,8,f,Gd,160,b,64,b,16.0459
666,Hf,178,b,72,b,O,18,b,8,b,Gd,160,b,64,b,16.3850
667,Hf,174,b,72,b,Ne,22,b,10,b,Sm,152,b,62,b,27.3720
668,Hf,174,b,72,b,Ne,20,b,10,b,Sm,154,b,62,b,24.0400
669,Hf,176,b,72,b,Ne,22,b,10,b,Sm,154,b,62,b,26.3194
670,Hf,174,b,72,b,Mg,26,b,12,b,Nd,148,b,60,b,38.3673
671,Hf,174,b,72,b,Mg,24,b,12,b,Nd,150,b,60,b,32.1412
672,Hf,176,b,72,b,Mg,26,b,12,b,Nd,150,b,60,b,35.7219
673,Hf,174,b,72,b,Cl,37,f,17,b,Cs,137,f,55,b,62.9168
674,Hf,174,b,72,b,Ar,40,b,18,b,Xe,134,b,54,b,67.5128
675,Hf,174,b,72,b,Ar,38,b,18,b,Xe,136,b,54,b,65.4971
676,Hf,176,b,72,b,Ar,40,b,18,b,Xe,136,b,54,b,67.1095
677,Hf,174,b,72,b,Ca,48,b,20,b,Te,126,b,52,b,78.8556
678,Hf,174,b,72,b,Ca,46,b,20,b,Te,128,b,52,b,76.2530
679,Hf,176,b,72,b,Ca,48,b,20,b,Te,128,b,52,b,78.7830
680,Hf,174,b,72,b,Ca,44,b,20,b,Te,130,b,52,b,72.7217
681,Hf,176,b,72,b,Ca,46,b,20,b,Te,130,b,52,b,75.6941
682,Hf,178,b,72,b,Ca,48,b,20,b,Te,130,b,52,b,78.9972
683,Hf,174,b,72,b,Ti,50,b,22,b,Sn,124,b,50,b,84.0487
684,Ta,180,b,73,f,He,4,b,2,b,Lu,176,b,71,f,2.0279
685,Ta,181,f,73,b,B,11,f,5,b,Er,170,b,68,b,2.9482
686,W,180,b,74,b,He,4,b,2,b,Hf,176,b,72,b,2.5402
687,W,182,b,74,b,He,4,b,2,b,Hf,178,b,72,b,1.6739
688,W,183,f,74,f,He,4,b,2,b,Hf,179,f,72,f,1.5528
689,W,184,b,74,b,He,4,b,2,b,Hf,180,b,72,b,1.4690
690,W,180,b,74,b,B,11,f,5,b,Tm,169,f,69,b,3.0972
691,W,180,b,74,b,C,13,f,6,f,Er,167,f,68,f,10.7830
692,W,180,b,74,b,C,12,b,6,b,Er,168,b,68,b,13.5998
693,W,182,b,74,b,C,12,b,6,b,Er,170,b,68,b,11.8859
694,W,183,f,74,f,C,13,f,6,f,Er,170,b,68,b,10.6433
695,W,180,b,74,b,N,15,f,7,b,Ho,165,f,67,b,15.4367
696,W,180,b,74,b,O,18,b,8,b,Dy,162,b,66,b,19.8874
697,W,180,b,74,b,O,17,f,8,f,Dy,163,f,66,f,18.1418
698,W,180,b,74,b,O,16,b,8,b,Dy,164,b,66,b,21.6433
699,W,182,b,74,b,O,18,b,8,b,Dy,164,b,66,b,18.8907
700,W,180,b,74,b,Ne,22,b,10,b,Gd,158,b,64,b,29.3374
701,W,180,b,74,b,Ne,20,b,10,b,Gd,160,b,64,b,25.5397
702,W,182,b,74,b,Ne,22,b,10,b,Gd,160,b,64,b,27.7259
703,W,180,b,74,b,Mg,26,b,12,b,Sm,154,b,62,b,39.4758
704,W,180,b,74,b,Si,30,b,14,b,Nd,150,b,60,b,48.9118
705,W,180,b,74,b,Ca,48,b,20,b,Xe,132,b,54,b,84.2583
706,W,180,b,74,b,Ca,46,b,20,b,Xe,134,b,54,b,81.8718
707,W,182,b,74,b,Ca,48,b,20,b,Xe,134,b,54,b,84.3086
708,W,180,b,74,b,Ca,44,b,20,b,Xe,136,b,54,b,78.4961
709,W,182,b,74,b,Ca,46,b,20,b,Xe,136,b,54,b,81.3753
710,W,184,b,74,b,Ca,48,b,20,b,Xe,136,b,54,b,85.1441
711,W,180,b,74,b,Ti,50,b,22,b,Te,130,b,52,b,88.9484
712,Re,185,f,75,b,He,4,b,2,b,Ta,181,f,73,b,2.2701
713,Re,185,f,75,b,B,11,f,5,b,Yb,174,b,70,b,4.3734
714,Re,187,f,75,b,B,11,f,5,b,Yb,176,b,70,b,3.6468
715,Re,185,f,75,b,N,15,f,7,b,Er,170,b,68,b,16.2099
716,Re,185,f,75,b,Ca,48,b,20,b,Cs,137,f,55,b,87.4086
717,Os,184,b,76,b,He,4,b,2,b,W,180,b,74,b,2.7731
718,Os,186,b,76,b,He,4,b,2,b,W,182,b,74,b,2.8569
719,Os,187,f,76,f,He,4,b,2,b,W,183,f,74,f,2.8569
720,Os,188,b,76,b,He,4,b,2,b,W,184,b,74,b,2.2142
721,Os,190,b,76,b,He,4,b,2,b,W,186,b,74,b,1.5435
722,Os,186,b,76,b,B,11,f,5,b,Lu,175,f,71,b,3.4884
723,Os,187,f,76,f,B,11,f,5,b,Lu,176,b,71,f,3.6468
724,Os,184,b,76,b,C,13,f,6,f,Yb,171,f,70,f,11.8542
725,Os,184,b,76,b,C,12,b,6,b,Yb,172,b,70,b,14.9039
726,Os,186,b,76,b,C,13,f,6,f,Yb,173,f,70,f,11.4443
727,Os,186,b,76,b,C,12,b,6,b,Yb,174,b,70,b,13.8979
728,Os,187,f,76,f,C,13,f,6,f,Yb,174,b,70,b,12.6553
729,Os,188,b,76,b,C,12,b,6,b,Yb,176,b,70,b,12.3237
730,Os,189,f,76,f,C,13,f,6,f,Yb,176,b,70,b,11.3232
731,Os,184,b,76,b,N,15,f,7,b,Tm,169,f,69,b,16.8619
732,Os,184,b,76,b,O,18,b,8,b,Er,166,b,68,b,21.4244
733,Os,184,b,76,b,O,17,f,8,f,Er,167,f,68,f,19.9116
734,Os,184,b,76,b,O,16,b,8,b,Er,168,b,68,b,23.5342
735,Os,186,b,76,b,O,18,b,8,b,Er,168,b,68,b,20.8655
736,Os,186,b,76,b,O,16,b,8,b,Er,170,b,68,b,21.9041
737,Os,187,f,76,f,O,17,f,8,f,Er,170,b,68,b,19.8557
738,Os,188,b,76,b,O,18,b,8,b,Er,170,b,68,b,19.8408
739,Os,184,b,76,b,F,19,f,9,b,Ho,165,f,67,b,22.2208
740,Os,184,b,76,b,Ne,22,b,10,b,Dy,162,b,66,b,32.3275
741,Os,184,b,76,b,Ne,21,f,10,f,Dy,163,f,66,f,28.2625
742,Os,184,b,76,b,Ne,20,b,10,b,Dy,164,b,66,b,29.1446
743,Os,186,b,76,b,Ne,22,b,10,b,Dy,164,b,66,b,31.4146
744,Os,184,b,76,b,Mg,26,b,12,b,Gd,158,b,64,b,42.7267
745,Os,184,b,76,b,Mg,24,b,12,b,Gd,160,b,64,b,37.6277
746,Os,186,b,76,b,Mg,26,b,12,b,Gd,160,b,64,b,41.1991
747,Os,184,b,76,b,Si,30,b,14,b,Sm,154,b,62,b,52.8986
748,Os,184,b,76,b,S,34,b,16,b,Nd,150,b,60,b,59.6016
749,Os,184,b,76,b,Ca,48,b,20,b,Ba,136,b,56,b,89.2716
750,Os,184,b,76,b,Ca,46,b,20,b,Ba,138,b,56,b,87.4310
751,Os,186,b,76,b,Ca,48,b,20,b,Ba,138,b,56,b,89.9516
752,Os,184,b,76,b,Ti,50,b,22,b,Xe,134,b,54,b,95.3589
753,Os,184,b,76,b,Ti,48,b,22,b,Xe,136,b,54,b,90.7191
754,Os,186,b,76,b,Ti,50,b,22,b,Xe,136,b,54,b,94.9463
755,Os,184,b,76,b,Cr,54,b,24,b,Te,130,b,52,b,99.6522
756,Ir,191,f,77,b,He,4,b,2,b,Re,187,f,75,b,2.1303
757,Ir,191,f,77,b,B,11,f,5,b,Hf,180,b,72,b,4.4106
758,Ir,191,f,77,b,N,15,f,7,b,Yb,176,b,70,b,16.7688
759,Pt,190,b,78,b,He,4,b,2,b,Os,186,b,76,b,3.1736
760,Pt,192,b,78,b,He,4,b,2,b,Os,188,b,76,b,2.6613
761,Pt,194,b,78,b,He,4,b,2,b,Os,190,b,76,b,1.4969
762,Pt,196,b,78,b,He,4,b,2,b,Os,192,b,76,b,0.9017
763,Pt,192,b,78,b,B,11,f,5,b,Ta,181,f,73,b,3.8610
764,Pt,190,b,78,b,C,13,f,6,f,Hf,177,f,72,f,12.2175
765,Pt,190,b,78,b,C,12,b,6,b,Hf,178,b,72,b,14.9784
766,Pt,192,b,78,b,C,13,f,6,f,Hf,179,f,72,f,11.2301
767,Pt,192,b,78,b,C,12,b,6,b,Hf,180,b,72,b,13.6184
768,Pt,190,b,78,b,N,15,f,7,b,Lu,175,f,71,b,17.6537
769,Pt,190,b,78,b,N,14,b,7,f,Lu,176,b,71,f,13.0111
770,Pt,190,b,78,b,O,18,b,8,b,Yb,172,b,70,b,22.5701
771,Pt,190,b,78,b,O,17,f,8,f,Yb,173,f,70,f,20.9735
772,Pt,190,b,78,b,O,16,b,8,b,Yb,174,b,70,b,24.2328
773,Pt,192,b,78,b,O,18,b,8,b,Yb,174,b,70,b,21.6572
774,Pt,192,b,78,b,O,16,b,8,b,Yb,176,b,70,b,22.1463
775,Pt,194,b,78,b,O,18,b,8,b,Yb,176,b,70,b,19.4775
776,Pt,190,b,78,b,Ne,22,b,10,b,Er,168,b,68,b,33.7061
777,Pt,190,b,78,b,Ne,20,b,10,b,Er,170,b,68,b,29.8059
778,Pt,192,b,78,b,Ne,22,b,10,b,Er,170,b,68,b,32.1691
779,Pt,190,b,78,b,Mg,26,b,12,b,Dy,164,b,66,b,45.2045
780,Pt,190,b,78,b,Si,30,b,14,b,Gd,160,b,64,b,55.0224
781,Pt,190,b,78,b,Ar,40,b,18,b,Nd,150,b,60,b,71.5909
782,Pt,190,b,78,b,Ca,48,b,20,b,Ce,142,b,58,b,91.7959
783,Pt,190,b,78,b,Cr,54,b,24,b,Xe,136,b,54,b,106.0506
784,Pt,190,b,78,b,Cr,54,b,24,b,Xe,136,b,54,b,106.0506
785,Au,197,f,79,b,He,4,b,2,b,Ir,193,f,77,b,0.6232
786,Au,197,f,79,b,B,11,f,5,b,W,186,b,74,b,2.7079
787,Hg,196,b,80,b,He,4,b,2,b,Pt,192,b,78,b,1.6664
788,Hg,198,b,80,b,He,4,b,2,b,Pt,194,b,78,b,1.2920
789,Hg,199,f,80,f,He,4,b,2,b,Pt,195,f,78,f,0.7759
790,Hg,200,b,80,b,He,4,b,2,b,Pt,196,b,78,b,0.7079
791,Hg,202,b,80,b,He,4,b,2,b,Pt,198,b,78,b,0.4630
792,Hg,196,b,80,b,B,11,f,5,b,Re,185,f,75,b,3.2574
793,Hg,198,b,80,b,B,11,f,5,b,Re,187,f,75,b,1.4298
794,Hg,196,b,80,b,C,13,f,6,f,W,183,f,74,f,11.3437
795,Hg,196,b,80,b,C,12,b,6,b,W,184,b,74,b,13.8159
796,Hg,198,b,80,b,C,12,b,6,b,W,186,b,74,b,11.6064
797,Hg,199,f,80,f,C,13,f,6,f,W,186,b,74,b,9.8384
798,Hg,196,b,80,b,N,15,f,7,b,Ta,181,f,73,b,16.5191
799,Hg,196,b,80,b,O,18,b,8,b,Hf,178,b,72,b,21.2306
800,Hg,196,b,80,b,O,17,f,8,f,Hf,179,f,72,f,19.2521
801,Hg,196,b,80,b,O,16,b,8,b,Hf,180,b,72,b,22.4462
802,Hg,198,b,80,b,O,18,b,8,b,Hf,180,b,72,b,19.4030
803,Hg,196,b,80,b,Ne,22,b,10,b,Yb,174,b,70,b,32.9907
804,Hg,196,b,80,b,Ne,20,b,10,b,Yb,176,b,70,b,28.5410
805,Hg,198,b,80,b,Ne,22,b,10,b,Yb,176,b,70,b,30.4366
806,Hg,196,b,80,b,Mg,26,b,12,b,Er,170,b,68,b,44.4518
807,Hg,196,b,80,b,Ca,48,b,20,b,Nd,148,b,60,b,90.3354
808,Hg,196,b,80,b,Ca,46,b,20,b,Nd,150,b,60,b,85.1600
809,Hg,198,b,80,b,Ca,48,b,20,b,Nd,150,b,60,b,87.3061
810,Tl,203,f,81,b,B,11,f,5,b,Os,192,b,76,b,1.5053
811,Pb,204,b,82,b,He,4,b,2,b,Hg,200,b,80,b,1.9766
812,Pb,206,b,82,b,He,4,b,2,b,Hg,202,b,80,b,1.1299
813,Pb,208,b,82,b,He,4,b,2,b,Hg,204,b,80,b,0.5207
814,Pb,204,b,82,b,B,11,f,5,b,Ir,193,f,77,b,0.4508
815,Pb,204,b,82,b,C,12,b,6,b,Os,192,b,76,b,10.8603
816,Pb,204,b,82,b,O,18,b,8,b,W,186,b,74,b,18.2284
817,Bi,209,f,83,b,He,4,b,2,b,Tl,205,f,81,b,3.1224
818,Bi,209,f,83,b,B,11,f,5,b,Pt,198,b,78,b,3.3366
